marca,nome,preco_antigo,centavos_antigo,preco_atual,centavos_atual,avaliacao,quantidade_avaliacoes
NIKE,Tênis Nike Revolution 7 Masculino,399,99,279,99,4.7,(252)
OLYMPIKUS,"Tênis Olympikus Masculino Esportivo, Academia, Caminhada",229,90,112,65,,
NIKE,Tênis Nike Revolution 7 Masculino,399,99,299,99,4.8,(56)
VANS,Tênis Vans Old Knu - Todos Os Tamanhos - Confortavel -,399,50,199,25,,
OLYMPIKUS,Tênis Confortável Masculino Corrida Olympikus Diffuse 5,309,,31,,,
VANS,Tênis Vans Vr3 Ultrarange Unissex Marshmallow Confortável,399,55,179,91,,
ABUZZE,Tênis Para Treino Masculino De Corrida I Free-run,99,90,94,90,,
OLYMPIKUS,Tênis Esportivo Caminhada Corrida Casual Olympikus Giro,195,99,32,66,,
ABUZZE,Tênis Masculino Esportivo I Free-run Treino E Corrida Barato,100,,78,,,
OLYMPIKUS,Olympikus Treino Dynamic Masculino Adultos,279,99,188,09,4.8,(10396)
,Sapato Feminino Tênis Ortopédico Esporão Leve Confortável,109,25,36,42,,
,Tenis Casual Knu Skool Black White Preto E Branco Lançamento,267,90,141,98,,
MIZUNO,Tênis Mizuno Stratos 2 Masculino - Fitness - Original,799,90,599,92,,
HOKA,Tênis Hoka Clifton 9 Cinza/verde/azul Masculino,1.299,,1.199,,,
,Tênis Masculino E Feminino Preto Esportivo Treino,74,90,7,28,,
NIKE,Tênis Nike Revolution 7 Masculino,399,99,279,99,4.7,(252)
OLYMPIKUS,Tenis Masculino Corrida Olimpicos Treino Amortecedor Impacto,250,99,188,24,,
MIZUNO,Tênis Mizuno Space 4 Corrida Treino Academia Original,349,99,258,99,,
MIZUNO,Tênis Mizuno Wave Zest 2 Masculino Preto/vermelho Lançamento,449,,44,,,
,Tênis Masculino Casual Dia A Dia Caminhada Social Corrida,119,90,83,93,,
ASICS,Tênis Asics Masculino Original Gel-shinobi Corrida Caminhada,413,90,331,12,,
OLYMPIKUS,Tênis Masculino Olympikus Urbex Original,209,90,20,40,,
PUMA,Tenis Masculino Corrida Estiloso Style Puma Mesh Original,394,90,39,49,,
,Tenis Casual Air Kit Relogio Carteira Ortopédico Leve,109,90,84,62,,
ASICS,Tênis Asics Masculino Original Gel-excite 8 Corrida,383,90,318,63,,
,Tênis Masculino Esporte Caminhada Corrida Dia Dia Trabalho,95,,32,,,
ASICS,Tênis Asics Masculino Original Fuzeblast Corrida Caminhada,375,90,311,99,,
,Tênis Masculino Esportivo Caminhada Corrida Trabalho Moderno,95,,32,,,
,Tênis Masculino Original Preto Para Caminhada De Academia,114,80,68,88,4.9,(7)
,Tênis Masculino Esporte Caminhada Corrida Crossfit Trabalho,95,90,31,97,,
OLYMPIKUS,Tenis Olympikus Rua Masculino Preto,249,99,31,25,,
KOLOSH,Tênis Masculino  Kolosh Esportivo Slip On  H3463,210,,30,,,
OLYMPIKUS,"Tênis Olympikus Masculino Esportivo, Academia, Caminhada",229,90,112,65,,
OLYMPIKUS,Tênis Olympikus Dynamic Masculino Academia Confortável,269,90,33,74,,
,Tênis Masculino Corrida Academia Resistente Urbano Casual,78,90,60,75,,
,Tênis O2x Ultrabr,109,,10,,,
,Tênis Masculino Flex Corrida Academia Trabalho Cinza Urbano,78,90,60,75,,
,Tênis Masculino Preto Corrida Academia Trabalho Versátil,78,90,60,75,,
,Tênis Masculino Black Corrida Academia Trabalho Versátil,78,90,60,75,,
,Tênis Sport Para Academia Original Macio Confortavel Leve,110,50,104,83,,
PUMA,Tênis Puma Academia Promoção Lançamento Macio Treino Oferta,333,33,99,99,,
OLYMPIKUS,Tênis Olympikus Corre Grafeno 3 Unissex,799,90,79,99,,
SKECHERS,Tênis Skechers Arch Fit Ascension Cinza Masculino,429,,43,,,
,Tênis Masculino Neon Corrida Academia Trabalho Versátil,78,90,26,30,,
,Tênis Masculino Flex Corrida Academia Trabalho Versátil,78,90,60,75,,
,Tênis O2x Ultrabr Super Confortável,135,90,13,21,,
MIZUNO,Tênis De Corrida Mizuno Enigma - Branco - 101108108,399,05,379,90,,
MIZUNO,Tênis Masculino Mizuno Academia Corrida Treino Leve Barato,333,33,129,99,,
,Tênis O2x Ultrabr,109,90,36,63,,
MIZUNO,Tênis Masculino Mizuno Wave Creation 20 Branco Confortavel,330,,132,,,
ULTRABONE,Kit 3 Tenis Ultrabone Black Coleção Completa Muito Leve,249,90,179,92,5.0,(3)
ULTRABONE,Kit 2 Tenis Ultrabone Black Para Caminhada Crossfit Macio,199,90,129,93,,
MIZUNO,Tênis Masculino Mizuno Academia Corrida Treino Leve Barato,333,33,129,99,,
MIZUNO,Tênis De Corrida Mizuno Enigma - Branco - 101108108,399,05,379,90,,
,Tênis Olympus Masculino Feminino Academia Caminhada Levinho,78,99,67,14,4.6,(265)
MIZUNO,Tênis Masculino Mizuno Academia Corrida Treino Leve Barato,333,33,129,99,,
,Tênis O2x Ultrabr,109,90,36,63,,
,Tênis Masculino Olymp Olimp Space Caminhada Barato Promoção,78,90,71,01,4.2,(4898)
MIZUNO,Tênis Masculino Mizuno Wave Creation 20 Branco Confortavel,330,,132,,,
MIZUNO,Tênis Masculino Wave Zest 2 Mizuno,449,99,322,99,4.7,(260)
MIZUNO,Tênis Masculino Space 4 Mizuno,329,99,228,94,4.7,(303)
ASICS,Tênis Masculino Asics Gel Carbono Original Couro Corrida,465,90,139,76,,
,Tênis Masculino Corrida Academia Resistente Esportivo Casual,78,90,60,75,,
,Tênis O2x Ultrabr Sport,89,90,8,74,,
,Tênis Esportivo Ultrabr Masculino Preto Geométrico,119,,11,,,
,Tênis O2x Academia Caminhada,115,95,106,65,,
BOARDWALK,Tenis Academia Masculino Amortecedor Impacto Corrida Trerino,125,99,119,69,,
,Tenis Feminino Casual Nyc Shoes Masculino Moda Adulto,89,90,69,90,4.5,(5083)
ASCENSION,Tenis Ortopedico Masculino Corrida Caminhada Treino Academia,149,90,109,42,4.6,(34)
UNDER ARMOUR,Under Armour Pacer Masculino Adultos,449,99,226,89,4.7,(1465)
MIZUNO,Tênis De Corrida Masculino E Feminino Hawk 5 Mizuno *oferta*,325,45,197,46,4.7,(721)
OLYMPIKUS,Tênis Olympikus Challenger 5 Masculino Corrida Treino Eleva+,438,57,263,14,5.0,(2)
,Tênis Cross Tryd 5400 Academia Caminhada Confortável Leve,99,99,68,99,4.5,(2266)
NEW BALANCE,Tênis New Balance Academia Couro Camurça Barato Envio Rápido,333,33,99,99,,
UNDER ARMOUR,Under Armour Pacer Masculino Adultos,449,99,226,89,4.7,(1465)
ASCENSION,Tênis Nuvem Masculino Leve Para Caminhada E Esportes,129,99,32,50,,
,Tenis Sport Titanium  Original - Esportivo,119,90,65,94,4.5,(4299)
PLAZA,Kit 4 Pares Tênis Masculino Casual Academia Caminhada Atacad,319,90,275,40,4.3,(517)
STARFLEX,Tênis Com Amortecedor Masculino Corrida Academia Flex Molas,154,99,131,74,4.6,(172)
ABUZZE,Tênis Masculino De Corrida I Free-run,99,90,9,71,,
VILI,Tênis Masculino Academia Caminhada Vili Barato Leve Corrida,109,90,10,68,4.5,(2922)
FILA,Tênis Confortável Masculino Fila Recovery Palmilha Macia,379,90,37,99,,
,Tênis Reebok Crossfit Nanoflex Tr V2 Masculino Original + Nf,399,90,359,91,,
,Tenis Masculino Para Academia #promoção,119,90,65,94,4.6,(818)
SKECHERS,Tênis Skechers 896249br Go Run Fast Valor Verde Militar,339,,33,,,
VANS,Tênis Vans Knu Skool White True Navy,269,90,151,14,,
,Kit 4 Pares Tênis Polo Fran Básico Trabalho Slim Dia A Dia,156,90,31,38,,
ASICS,Tênis Asics Revelation Couro Corrida Caminhada treino Barato,333,90,99,71,,
PUMA,Tênis Puma Suede Academia Homem Mulher Moda 34 A 43 Barato,333,33,99,99,,
OLYMPIKUS,Olympikus Treino Venum Sem gênero Adultos,229,99,152,94,4.8,(585)
UNDER ARMOUR,Under Armour Charged Wing SE Masculino Adultos,276,,30,,4.7,(30)
,Tênis Corrida Academia Caminhada Com Calce Fácil Lançamento,105,31,100,04,4.6,(598)
,Tênis Esportivo Masculino Para Corrida Academia Caminhada,99,90,71,92,,
HOKA ONE ONE,Tênis Hoka One One Cielo X1 Preto/col. C/ Placa De Carbono,2.399,,239,,,
WAVE,Promoção Tenis Ls Flor De Lotus Wave Premium Amortecedor,329,90,131,96,,
STREET,Kit 3 Tênis Masculino Olymp Corrida Confortavel,229,,32,,,
VANS,Tênis Vr3 Ultrarange Unissex Marshmallow,399,99,163,99,,
,Tenis Masculino Casual Esporte Treino Academia Caminhada Ll,79,90,26,63,,
,Tênis Esportivo Masculino Sneakers Em Tecido Ferracini,176,99,168,14,4.0,(3)
,Tênis Corrida Caminhada Esportivo Leve Confortável,129,90,68,84,,
UNDER ARMOUR,Tênis Masculino Charged Slight 3 Under Armour,359,99,240,34,4.9,(1055)
UNDER ARMOUR,Tenis Under Armour Buzzer 2 Cinza Verde Limao Preto,293,48,28,45,5.0,(1)
ADIDAS,Tênis Masculino Runfalcon 5 adidas,599,99,325,84,4.8,(35)
MIZUNO,Tênis Mizuno Enigma Branco Masculino Corrida,399,,40,,,
STREET,Kit 2 Tênis Masculino Street Confort + Relogio Digital,168,,33,,,
UNDER ARMOUR,Tênis Masculino E Feminino Pacer *oferta* Under Armour,449,99,226,89,4.7,(398)
MIZUNO,Tênis Masculino Wave Zest 2 Mizuno,449,99,322,99,4.7,(260)
ULTRABONE,Kit 3 Tenis Ultrabone Black Coleção Completa Muito Leve,249,90,179,92,5.0,(3)
ULTRABONE,Kit 2 Tenis Ultrabone Black Para Caminhada Crossfit Macio,199,90,129,93,,
MIZUNO,Tênis Masculino Wave Zest 2 Mizuno,449,99,322,99,4.7,(260)
MIZUNO,Tênis De Corrida Masculino E Feminino Hawk 5 Mizuno *oferta*,325,45,197,46,4.7,(721)
STREET,Kit 3 Tênis Masculino Olymp Street Corrida,229,,22,,,
FILA,Fila Euro Jogger Sport Masculino Adultos,299,90,284,90,4.7,(368)
,Tênis Masculino Esportivo Academia Leve Promoção Kit 2 Pares,149,79,134,81,4.7,(61)
,Tênis Masculino Corrida Caminhada Academia Macio Barato Top,51,90,49,30,4.4,(4468)
STREET,Kit 2 Tênis Masculino Street Corrida + Relogio Digital,168,,16,,,
MIZUNO,Tênis Masculino Mizuno Academia Corrida Treino Leve Barato,333,33,129,99,,
ASICS,Tênis Masculino Asics Gel Carbono Original Couro Corrida,465,90,139,76,,
MIZUNO,Tênis Masculino Space 4 Mizuno,329,99,228,94,4.7,(303)
PUMA,Puma Viz-Tech Viz Runner V2 BDP Masculino Adultos,499,90,382,84,4.6,(190)
,Tênis Masculino Original Preto Para Academia De Caminhada,89,33,66,99,,
OLYMPIKUS,Tênis Modulo Masculino Olympikus *oferta*,249,99,166,24,4.7,(36)
OLYMPIKUS,Tênis Masculino Versa Com Sola Caixa Olympikus *oferta*,259,99,154,84,4.8,(1182)
OLYMPIKUS,Sapato Masculino Olympikus Ultra Leve Caminhada Treino Olimp,399,99,287,99,,
OLYMPIKUS,Tênis Masculino Index 3 Olympikus *oferta*,189,99,135,84,4.6,(312)
MIZUNO,Tênis De Corrida Masculino E Feminino Hawk 5 Mizuno *oferta*,325,45,197,46,4.7,(721)
ULTRABONE,Kit 2 Pares Tenis Masculino Black Esportivo Academia Corrida,199,99,125,99,,
STARFLEX,Tênis Com Amortecedor Masculino Corrida Academia Flex Molas,154,99,131,74,4.6,(172)
OLYMPIKUS,Olympikus Treino Dynamic Masculino Adultos,279,99,188,09,4.8,(10396)
,Tênis Número Especial Esportivo Corrida E Academia 44-48,159,90,119,92,4.4,(172)
DM DAMANDO,Tenis Masculino Confortavel/academia/crossfit + Relógio,77,90,74,67,4.5,(6376)
NEW BALANCE,New Balance 574 V2 Masculino Adultos,519,90,51,99,5.0,(13)
,Tênis O2x Ultrabr Sport,89,90,8,74,,
OLYMPIKUS,Tênis Masculino Reflect Olympikus,249,99,172,89,4.9,(78)
FILA,Fila Racer Comet Masculino Adultos,362,49,251,99,4.7,(50)
OLYMPIKUS,Tênis Masculino Diffuse Olympikus *oferta*,299,99,193,79,4.8,(279)
,Kit 3 Tênis Academia Treino Masculino Fitness Promoção,189,90,180,40,5.0,(16)
OLYMPIKUS,Tênis Esportivo Masculino Cosmo Olympikus *oferta*,229,99,169,09,4.8,(401)
OLYMPIKUS,Olympikus Casual Jogging 101 Masculino Adultos 43440197-1-030,199,99,169,99,4.6,(1847)
,Tênis Esportivo Caminhada Masculino Academia Treno + Relógio,99,10,89,70,5.0,(1)
ULTRABONE,Tênis Esportivo Ortopédico Caminhada Academia Leve + Relógio,79,50,7,73,,
OLYMPIKUS,Tênis Masculino Esportivo Dynamic Cover Grid Olympikus Novo,274,55,203,29,4.8,(245)
ABUZZE,Tênis Masculino De Corrida Run Max Performance,99,90,94,90,4.5,(2)
ULTRABONE,Tênis Masculino Ortopédico Caminhada Academia + Relógio,66,55,6,47,,
OLYMPIKUS,Tênis Olympikus Challenger 5 Masculino Preto,299,90,33,32,,
OLYMPIKUS,Olympikus Casual Jogging 100 Sem gênero Adultos OBTN068_1-012,229,99,158,69,4.7,(4207)
ULTRABONE,Tênis Academia Esportivo Unisex Caminhada Confortável Treino,57,35,5,57,,
PUMA,Tênis Puma Suede Original Couro Camurça Preto Branco Oferta,333,33,99,99,,
NEW SPEED,Kit 2 Pares De Tenis New Speed Classico Running Lançamento,349,90,321,90,,
VANS,Tênis Unissex Vans Old Skool Confortável Moda Urbano,333,90,99,30,,
,Tenis Polo Running Caminhada Masculino  Academia Super Leve,99,98,68,98,4.5,(47)
,Tênis Masculino Feminino Caminhada Academia Barato Promoção,69,96,57,63,5.0,(1)
VANS,Tênis V-ans Old Sk.ool Pra Seu Dia A Dia Clássico Unissex,342,86,112,97,,
NEW BALANCE,New Balance Fresh Foam X 1080 V12 Masculino Adultos,999,90,739,92,5.0,(13)
OLYMPIKUS,Tênis Olympikus Corrida De Rua Marinho Amortecimento Macio,249,99,187,49,5.0,(1)
ADIDAS,Tênis adidas Response Runner U Alta Performance - Unissex,299,99,224,99,,
SKECHERS,Skechers GORun Fast Masculino Adultos,277,67,30,85,4.4,(9)
FILA,Fila Float Maxxi 2 Masculino Adultos,699,99,524,99,4.8,(13)
,Tênis Sapatilha Naútica Aquática Leve Unissex Hibrida Neopre,99,90,33,30,,
MIZUNO,Mizuno Wave Legend 2 Masculino Adultos,469,90,46,99,4.6,(59)
MIZUNO,Tenis Mizuno Masculino Cool Ride 2 Marino,246,99,24,01,5.0,(3)
MIZUNO,Tênis Mizuno Wave Mirai 6 Masculino Steel Academia,489,90,48,99,4.6,(21)
,Tênis Masculino Academia Caminhada Esportivo Original Barato,109,77,65,86,4.7,(263)
PUMA,Tênis Puma Original Homem Mulher 34 A 43 Casual Dia A Dia,333,33,99,99,,
ULTRABONE,Kit 2 Pares Tenis Masculino Black Esportivo Academia Corrida,199,99,125,99,,
,Tênis Masculino Moda Fitness Caminhada Leve Barato Promoção,79,99,26,66,4.4,(157)
PLAZA,Kit 2 Pares Tênis Casual Esportivo Masculino Relogio Digital,149,90,14,57,4.3,(222)
,Tenis Casual Knu Skool Lançamento 34 Ao 43,389,90,198,84,,
OLYMPIKUS,Tênis Olympikus Infantil E Adulto Corrida Confortável -45%,110,,36,,,
,Tenis Casual Knu Skool Black White Preto E Branco Lançamento,267,90,160,74,4.8,(559)
OLYMPIKUS,Tênis Masculino Jogging 101 Olympikus *oferta*,199,99,147,84,4.5,(214)
,Kit Combo 2 Tenis Masculino Academia Caminhada Corrida Top,249,40,149,52,4.6,(2959)
FILA,Fila Recovery Masculino Adultos,399,99,283,99,4.7,(1844)
UNDER ARMOUR,Under Armour Pacer Masculino Adultos,449,99,226,89,4.7,(1465)
,"Tenis Olympikus Proof 3 Masculino Numero 45,46,47,48",209,90,199,40,4.8,(670)
FILA,Tenis Para Corrida Confortavel Mais Equilibrio Fila Original,349,99,227,49,4.5,(386)
,Tenis  Masculino Promoção  Lançamento Original  Confortável.,69,90,59,41,4.6,(621)
LYND,Tênis Masculino Corrida Academia Caminhada Lynd- Grid 321,199,90,179,91,4.6,(702)
ADIDAS,Tênis adidas Masculino Corrida Treino Alta Performance Leve,399,99,323,99,5.0,(1)
NEW SPEED,Tênis New Speed Esporte Masculino 100% Original Caminhada,239,91,215,91,4.6,(27)
DIX,Tênis Para Academia Masculino Malhar Corrida Promoção,78,90,64,69,4.5,(3311)
,Tênis Esportivo It Shoes Amortecedor Gel Masculino,179,90,104,90,4.6,(1829)
OUSY SHOES,Kit Tênis Masculino Caminhada 3 Pares Easy Confortável Combo,229,90,156,80,4.5,(11823)
ASCENSION,Tênis Ortopédico Masculino Feminino Asc Original Calce Fácil,99,42,33,14,4.6,(243)
,Tenis Esportivo Masculino Caminhada Treino Academia Conforto,109,,36,,4.6,(14)
,Tênis Masculino Academia Caminhada Corrida Training Bylbow,119,90,71,94,4.6,(4052)
FILA,Tênis Fila Maxximus Preto Off White Adulto Masculino Novo,499,99,349,99,,
OLYMPIKUS,Tênis Olympikus Reverso 2 Creme E Azul - Masculino,379,99,277,39,4.5,(8)
,Tenis Masculino Couro Okley Modoc Low Ll Conforto Resistente,239,90,34,27,,
OLYMPIKUS,Tênis Adulto Olympikus Veloz 3 Azul Masculino Coleção Nova,299,99,248,99,5.0,(3)
MIZUNO,Tênis Mizuno Jet 7 Masculino Preto Academia Treino,259,90,25,20,4.2,(5)
MIZUNO,Tenis Mizuno Creation 20 Treino Caminhada Leve Tamanho 44 45,387,97,135,78,,
,Tenis Masculino Olimp Kit 02 Pares Academia Promoção Oferta,142,90,135,75,4.4,(4498)
OLDSEN,Tenis Masculino Unissex Botinha Corrida Academia Promoção,78,90,71,01,4.5,(1693)
,Tenis Fila Masculino Progress Lite Corrida,299,90,29,08,,
RAINHA,Tênis Rainha Vl 2500 Futsal Vôlei Academia Capoeira Corrida,78,90,7,67,4.7,(1405)
,Tênis Masculino Preto Para Caminhada De Academia Esportivo,109,99,65,99,4.7,(54)
,Kit 3 Pares Tênis Feminino E Masculino Academia Corrida,192,80,172,56,,
MIZUNO,Tênis Mizuno Wave Dynasty 6 Masculino Marinho Azul Treino,399,90,38,77,5.0,(2)
RAINHA,Tenis Corrida Masculino Caminhada Estiloso Esportivo,252,97,151,78,4.6,(10)
MIZUNO,Tenis Mizuno Masculino Wave Dynasty 6 Chumbo Laranja,332,49,33,25,5.0,(1)
,Tênis Esportivo On Shoes Masculino/feminino ,119,90,64,74,4.7,(5339)
DM DAMANDO,Tenis Masculino Esportivo Academia Confortavel Crossfit Leve,82,90,8,06,4.5,(44)
,Sapatilha Aquatica Neoprene Secarapido Sola Forte Confort,52,90,17,63,4.6,(1224)
ACTVITTA,Tênis Masculino Actvitta Leve Macio Academia Corrida,189,90,170,91,,
,Tênis Masculino Confortável Preto Para Academia De Caminhada,114,89,65,48,5.0,(1)
MOLEKINHO,Tênis Menino Casual Calce Fácil Dia A Dia Conforto Original,78,88,65,90,5.0,(75)
STREET WALKER,Tênis Masculino Academia Corrida Esportivo Leve Confortável,78,90,66,27,3.7,(12)
,Tênis Masculino Dia A Dia Moderno Leve Confortável Promoção,69,90,66,40,5.0,(2)
OLYMPIKUS,Tênis Olympikus Utraleve 130 Academia Amarrar Maculino,229,79,32,83,,
OLYMPIKUS,Tênis De Corrida Leve Confortável Olympikus Reverso 2 - Nfe,379,99,281,19,,
ASCENSION,Tenis Masculino E Feminino De Caminhada Ortopedico Crossfit,78,42,69,14,4.7,(3561)
OLYMPIKUS,Tênis Olympikus Casual Olimpicos Confortável Pra Corrida Nfe,229,99,153,90,4.8,(1026)
OLDSEN,Tênis Masculino Jaguar Oldsen Treino Corrida Promoção Top,78,97,7,68,4.4,(3207)
NEW SPEED,Kit 2 Pares De Tenis New Speed Classico Running Lançamento,299,,33,,,
FILA,Tênis Fila Arched Esportivo Adulto Corrida Original Academia,268,75,215,90,5.0,(4)
,"Tenis Esportivo Masculino, Academia , Corrida , Caminhada",89,90,29,97,,
OLDSEN,Tenis Unissex Infantil Jaguar Corrida Academia Treino 34-43,78,90,7,67,4.6,(1060)
,"Tenis Olympikus Proof 3 Masculino Numero 45,46,47,48",209,90,199,40,4.8,(670)
,Sapatilha Aquática Unissex Rio Pesca Praia Neoprene Flexível,78,90,58,38,4.7,(258)
PUMA,Puma Smash V2 L Masculino Adultos,349,99,248,49,4.8,(28)
,"Tenis Olympikus Proof 3 Masculino Numero 45,46,47,48",209,90,199,40,4.8,(670)
,Tênis Esportivo It Shoes Amortecedor Gel Masculino,179,90,104,90,4.6,(1829)
NEW SPEED,Tênis New Speed Esporte Masculino 100% Original Caminhada,239,91,215,91,4.6,(27)
MIZUNO,Tenis Esportivo Mizuno 101087087 Cool Ride 3 Pto,379,90,37,99,,
PUMA,Puma Smash V2 L Masculino Adultos,349,99,248,49,4.8,(28)
NEW SPEED,Tênis New Speed Esporte Masculino 100% Original Caminhada,189,90,31,65,,
,Tenis Masculino Couro Okley Teeth Jet Noise Conforto Barato,229,90,32,84,,
OLYMPIKUS,Olympikus CORRIDA Voa 2 Masculino Adultos,299,99,254,99,4.8,(725)
OLYMPIKUS,Tênis Olympikus Utraleve 130 Corrida Confortavel Maculino,219,49,21,33,,
ASCENSION,Tênis Ortopédico Masculino Feminino Asc Original Calce Fácil,99,42,33,14,4.6,(243)
,Sapatenis Casual Masculino Esporte Fino Estiloso,84,90,8,25,5.0,(2)
NIKE,Tênis Nike Revolution 7 Masculino,399,99,279,99,4.7,(252)
ABUZZE,Tênis Masculino De Corrida I Free-run,99,90,88,91,,
,Tenis Sapatilha Bike Pesca Corrida Academia Neoprene Confort,53,,17,,4.6,(1225)
ASCENSION,Tênis Ortopédico Masculino Feminino Asc Original Calce Fácil,99,42,33,14,4.6,(243)
DIADORA,Tênis Diadora Unissex Chiesa Preto,199,99,33,33,,
OLYMPIKUS,Tênis Olympikus Utraleve 130 Academia Amarrar Maculino,229,79,32,83,,
OLYMPIKUS,Olympikus Treino Proof 3 Masculino Adultos,219,96,183,66,4.8,(2284)
NEW BALANCE,Tênis New Balance Academia Couro Camurça Barato Envio Rápido,333,33,99,99,,
PLAZA,Kit 2 Pares De Tênis Masculino Academia Caminhada Casual Neo,139,90,13,60,4.2,(696)
,Kit 2 Tênis Masculino Academia Corrida Caminhada Esportivo,149,90,128,91,5.0,(3)
OUSY SHOES,Kit Tênis Masculino Caminhada 3 Pares Easy Confortável Combo,229,90,156,80,4.5,(11823)
,Tênis Academia Caminhada Leve Barato Corrida,79,90,26,63,,
FILA,Tenis Fila Float Maxxi 2 Pro Masculino-laranja/preto/azul,599,90,59,99,4.9,(12)
OLYMPIKUS,Tênis Olympikus Vibração Masculino Esportivo - Original,199,90,142,90,4.7,(588)
OLYMPIKUS,Tênis Olympikus Masculino Dynamic Confortável,311,90,277,59,,
MIZUNO,Tênis Mizuno Wave Sky 8 - Masculino - Marinho-branco,879,,88,,5.0,(1)
OLYMPIKUS,Olympikus Eros Masculino Adultos,222,11,166,15,4.8,(2404)
NEW BALANCE,Tenis New Balance Fuelcell Elite V4 Turquesa Original,1.799,,179,,,
FILA,Tênis Masculino Fila Acer Esportivo Corrida Academia,349,90,34,99,,
,Tênis Masculino Esportes P/ Academia Caminhada Corrida Preto,99,99,68,99,5.0,(2)
,Tênis Esportivo Ultrabr Run,89,90,8,74,,
OLYMPIKUS,Olympikus Treino Proof 3 Masculino Adultos,333,17,199,90,4.0,(1)
POLO JOY,Tenis Masculino Polo Joy Esporte Promoção Caminhada Academia,78,90,7,67,4.5,(15)
OLYMPIKUS,Tênis Olympikus Masculino Diffuse 5 43733260,299,,28,,,
MIZUNO,Mizuno Victory RSP Masculino Adultos,452,90,384,96,4.8,(64)
ON RUNNING,Tênis On Running Cloudgo Shale,699,90,69,99,5.0,(15)
ZEUZ,Tênis Masculino Esportivo Caminhada Academia Musculação Leve,79,,7,,4.5,(26)
SKECHERS,Tênis Skechers Max Cushioning Delta Relief Masculino Corrida,749,90,381,63,4.8,(47)
,Tênis Masculino Mcs L V Importado Vietnã Rápido Envio,329,99,296,99,4.6,(17)
SAPATOFRAN,Kit 2 Tênis Masculino Running Treino Academia Leve + Relógio,199,90,155,92,5.0,(1)
OLYMPIKUS,Olympikus Casual Mood Masculino Adultos,199,,19,,4.8,(5135)
STREET WALKER,Kit 2 Tenis Masculino Academia Treino Caminhada Leve+ Brinde,169,90,144,41,4.7,(3)
ASICS,Tênis Asics Novablast 5 - Masculino - Roxo Com Vermelho,999,,99,,5.0,(1)
,Tênis Esportivo Confort Fitness Academia Corrida Cinza,68,90,22,97,,
AVURA,Tenis  Jogging Sport Treino Grafite Laranja,89,99,8,75,,
HOKA,Hoka Clifton 8 Masculino Adultos,1.099,91,989,99,4.3,(3)
FILA,Tênis Fila Fire Cinza E Preto,312,85,31,29,4.8,(4)
,Kit Tênis Relógio Esportivo Masculino Feminino Academia Leve,159,90,99,13,5.0,(1)
OLYMPIKUS,Tênis Olympikus Masculino Esportivo Casual Academia Corrida,199,90,129,93,,
ON RUNNING,Tênis On Cloudtilt Masculino - Preto / Branco Ivory,1.049,,104,,5.0,(1)
SKECHERS,Tenis Skechers Go Walk Flex - Hands Up Marinho,391,73,37,98,5.0,(1)
,Lançamento Moda Basquete Lv Trainer Luxo Premium 34 Ao 43,229,90,32,84,5.0,(4)
ASCENSION,Tênis Masculino Confortável Anti-impacto Ortopédico Barato,144,90,123,16,5.0,(1)
,Tênis Esportivo Confort Fitness Academia Anti-impacto Azul,64,99,21,66,,
OLYMPIKUS,Olympikus CORRIDA Reverso 2 Masculino Adultos,379,99,284,99,4.8,(122)
FILA,Tênis Fila Maxximus Masculino Original,555,55,318,75,,
,Tênis Masculino Corrida Caminhada Academia Macio Barato Top,51,90,49,30,4.4,(4468)
,Tenis Urbano Academia Caminhada Uso Diario,73,99,7,19,4.4,(76)
OLDSEN,Kit 3 Tenis Masculino Casual Esportivo Confortável Academia,299,90,197,93,4.0,(4)
OLYMPIKUS,Olympikus CORRIDA Reverso 2 Masculino Adultos,379,99,284,99,4.8,(122)
NEW SPEED,Tenis Masculino Bege Dia A Dia Promoção Black Friday Natal,189,90,31,65,,
,Tênis Esportivo Confort Fitness Academia Anti-impacto Preto,68,90,22,97,,
,Tenis Esportivo Masculino Caminhada Treino Academia Conforto,109,,36,,4.6,(14)
OLYMPIKUS,Tenis Masculino Esportivo Olympikus Marte,199,99,19,44,5.0,(2)
OLYMPIKUS,Olympikus Treino Beats Masculino Adultos,438,57,263,14,4.8,(114)
OLDSEN,Tênis Masculino Jaguar Oldsen Treino Corrida Promoção Top,78,97,7,68,4.4,(3207)
,Tênis Número Especial Esportivo Corrida E Academia 44-48,159,90,119,92,4.4,(172)
,Tênis Academia Caminhada Leve Barato Corrida,79,90,26,63,,
,Kit Tênis Masculino Sapatenis Casual Jogger Confortável Leve,129,90,109,11,5.0,(3)
OLYMPIKUS,Olympikus CORRIDA Veloz 2 Masculino Adultos,208,,34,,4.8,(338)
ASICS,Tênis Masculino Asics Gel Carbono Original Couro Corrida,465,90,139,76,,
WAVE,Tênis Wave Creation 20 Para Academia Promoção Full,350,50,115,23,,
,Tênis Masculino Sapatenis Casual Jogger Esporte Confortável,79,,7,,4.7,(9)
,Tênis Esportivo Masculino Feminino Academia Macio Novo Leve,129,90,89,63,4.0,(1)
,Tenis Ortopedico Masculino Corrida Caminhada Tamanho Grande,139,35,132,38,4.7,(150)
ASCENSION,Tênis Esportivo Ortopédico Para Academia Treino Dia A Dia,144,90,136,20,4.5,(570)
OLDSEN,Kit 3 Tenis Masculino Casual Esportivo Confortável Academia,299,90,29,08,,
SAPATOFRAN,Kit Tênis Masculino Corrida Academia Preto Oferta + Relógio,119,90,39,97,,
,Kit 2 Pares Tênis Masculino Para Academia Esportivo +relógio,135,90,33,98,4.6,(223)
ON RUNNING,Tênis De Corrida On Running Cloudmonster Masculino,1.099,,109,,5.0,(2)
FILA,Tenis Fila Carbon 2 Masculino Esporte Corrida Original.,1.099,99,802,30,4.8,(6)
DUBBELE,Tenis Masculino Academia Corrida Wave Force Promoção Barato,77,99,7,58,4.2,(791)
NEW BALANCE,Tênis New Balance Fuelcell Supercomp Trainer V2 Masculino,1.599,,1.183,,5.0,(6)
MIZUNO,Tenis Esportivo Mizuno 101087087 Cool Ride 3 Pto,379,90,36,83,,
VANS,Tênis Vans Vr3 Ultrarange Unissex Marshmallow,399,54,183,59,,
JOHNCAT,Tênis Esportivo Option Sport 2150 Legitimo Original,159,90,99,13,,
PLAZA,Kit 2 Pares Tênis Casual Esportivo Masculino Relogio Digital,149,90,14,57,4.3,(222)
,Tênis Masculino Moda Fitness Caminhada Leve Barato Promoção,79,99,26,66,4.4,(157)
PLAZA,Kit 2 Pares De Tênis Masculino Academia Caminhada Casual Neo,139,90,13,60,4.2,(696)
,Tênis Tn Plus 1  Padrão Corrida Bolha Plus Estilo Neymar,123,90,30,98,5.0,(1)
JAX,Kit 2 Tênis Masculino Academia Corrida Esportivo Promoção,209,99,125,99,,
,Sapatenis Casual Masculino Esporte Fino Estiloso,84,90,8,25,5.0,(2)
,Kit 2 Tênis Masculino Casual Cano Baixo Básico Leve +relógio,189,55,179,91,,
SKECHERS,Tenis Skechers Go Walk Flex - Hands Up Gom-216324-gry Cinza,353,57,35,36,,
OLYMPIKUS,Tênis Olympikus Volcan 2 Masculino 38/43,199,99,169,99,,
,Tenis Masculino Tamanho Grande Asc Leve Caminhada Academia,119,90,39,97,,
OLYMPIKUS,Tênis De Corrida Olympikus Voa 2 Masculino Original ,299,99,254,99,,
,Tênis Masculino Confotável Academia E Caminhada,79,15,67,53,,
OLYMPIKUS,Tênis Olympikus Proof 3 Caminhada Treino Corrida Academia ,189,90,18,46,4.9,(30)
,Kit 2 Tenis Masculino Esportivo Adulto Caminhada Corrida To,163,70,15,91,4.3,(744)
,Tênis De Academia Corrida Masculino Esportivo Leve Macio Top,78,06,60,02,,
,Tênis Esportivo Corrida Confortável Versátil Caminhada Leve,99,90,33,30,,
,Tênis Branco Academia Caminhada Esportivo Confortável Barato,78,90,26,30,5.0,(1)
SS,Kit 02 Pares Tênis Masculino Academia Caminhada Corrida,164,90,32,98,,
OLYMPIKUS,Olympikus Aquarios Masculino Adultos,189,90,31,65,4.8,(1246)
ASICS,Tênis Asics Gel Shogun St Masculino Corrida - Caminhada,399,90,321,32,5.0,(15)
FILA,Tênis Fila Duality,284,85,31,65,4.8,(4)
ULTRABONE,Kit 3 Tenis Ultrabone Black Coleção Completa Muito Leve,249,90,179,92,5.0,(3)
REEBOK,Tênis Reebok Classic Nylon Casual Original,549,90,285,70,4.8,(8)
VIA LIVRE,Tênis Academia Masculina Casual Confortável Macio Corrida,188,12,159,90,,
JAX,Tênis Masculino Corrida Academia Treino Confortável Promoção,109,90,54,95,,
OLYMPIKUS,Tênis Masculino Olympikus Original Corrida Caminhada Treino,203,90,187,58,5.0,(1)
ULTRABONE,Kit 2 Pares Tenis Masculino Black Esportivo Academia Corrida,199,99,125,99,,
LYND,Tênis Masculino Corrida Academia Caminhada Lynd- Grid 321,199,90,179,91,4.6,(702)
OLDSEN,Tenis Unissex Infantil Jaguar Corrida Academia Treino 34-43,78,90,7,67,4.6,(1060)
,Tênis Masculino Academia Caminhada Corrida Training Bylbow,119,90,71,94,4.6,(4052)
ULTRABONE,Kit 2 Tenis Ultrabone Black Para Caminhada Crossfit Macio,199,90,129,93,,
ABUZZE,Tênis Masculino De Corrida I Free-run Performance,89,90,8,74,,
,Tenis Esportivo  Masculino Caminhada Academia Corrida Treino,69,90,44,73,,
SKECHERS,Tênis Skechers Arch Fit Banlin Masculino Corrida - Caminhada,333,22,271,27,5.0,(4)
ASICS,Tênis Asics Jolt 4 Masculino Corrida - Caminhada,359,90,238,38,4.7,(193)
OLYMPIKUS,Olympikus Only 2 Masculino Adultos,189,,31,,4.7,(4501)
OLYMPIKUS,Olympikus CORRIDA Veloz 2 Masculino Adultos,208,,34,,4.8,(338)
VIA LIVRE,Kit Tênis Masculino Casual Cano Baixo Básico Leve +relógio,149,90,139,40,5.0,(1)
NEW SPEED,Tênis New Speed Esporte Masculino 100% Original Caminhada,189,90,31,65,,
,Kit 2 Tênis Masculino Casual + Relógio + Carteira E Cinto,47,90,15,97,2.5,(4)
EVOLTENN,Kit 2 Tênis Masculino Academia Crossfit Corrida Barato ,159,90,118,92,4.5,(824)
SKECHERS,Tênis Skechers Go Walk 6 Warnock Masculino Caminhada,388,78,296,93,5.0,(2)
,Tênis Esportivo Corrida Confort Versátil Caminhada Branco,99,90,33,30,,
OLYMPIKUS,Tenis Olympikus Infantil E Adulto 34 Ao 43 Envio 24h -30%,119,,40,,,
,Kit 2 Tênis Masculino Academia Corrida Caminhada Esportivo,149,90,128,91,5.0,(3)
ASCENSION,Tenis Masculino E Feminino De Caminhada Ortopedico Crossfit,78,42,69,14,4.7,(3561)
ULTRABONE,Kit 3 Tenis Ultrabone Black Coleção Completa Muito Leve,249,90,179,92,5.0,(3)
ULTRABONE,Kit 2 Tenis Ultrabone Black Para Caminhada Crossfit Macio,199,90,129,93,,
OLYMPIKUS,Tênis Olympikus Marte Esportivo Masculino Original,219,99,193,59,,
,Tênis P/ Academia Masculino Run Treino Caminhada Macio,174,90,147,98,,
OLYMPIKUS,Tenis Olympikus Conex Masculino Evasense Macio Original,219,90,178,11,5.0,(4)
,Tênis Masculino Caminhada Corrida Academia Leve Macio,78,90,52,07,,
,Tênis Masculino Esportivo Leve Macio Funcional E Versátil,159,90,89,54,2.5,(4)
VIA LIVRE,Kit Tênis Masculino Casual Cano Baixo Básico Leve +relógio,149,90,139,40,5.0,(1)
PUMA,Tênis Puma Suede Academia Corrida Treino Barato Leve Macio,333,33,99,99,,
WEST,Kit 2 Tenis Masculino Cores Promoção Confortavel Treino Wave,165,77,33,15,4.2,(173)
,Tênis Masculino Esporte Academia Casual + Relógio Digital,119,90,89,92,4.0,(2)
,Kit Tenis Caminhada Leve + Fone De Ouvido + Relogio,142,90,100,03,,
SAPATOFRAN,Tenis Esporte Masculino Academia Caminhada + Relógio Digital,104,90,77,62,4.6,(17)
,Tênis Masculino Esportivo Corrida Academia Ozion,119,98,107,98,,
OLDSEN,Kit 3 Tenis Masculino Casual Esportivo Confortável Academia,299,90,29,08,,
,Kit Tenis Masculino Esportivo Moderno + Relógio Promoção Top,98,90,32,97,,
OLYMPIKUS,Olympikus Zex Masculino Adultos,215,,30,,4.7,(665)
PUMA,Puma Runner City Bdp Masculino Adultos,305,93,278,39,4.8,(92)
DM DAMANDO,Combo 2 Tênis De Academia Masculino Crossfit Confort Relógio,149,90,37,48,4.9,(8)
OLYMPIKUS,Tênis Masculino Olympikus Style Dynamic Academia Corrida,209,90,104,95,,
OLYMPIKUS,Tênis Olympikus Volcan 2 Caminhada Treino Corrida Academia,189,90,18,46,4.6,(12)
OLYMPIKUS,Olympikus Wellness 2 Masculino Adultos,249,99,195,70,4.7,(83)
ASCENSION,Tenis Ortopedico Masculino Corrida Caminhada Treino Academia,149,90,109,42,4.6,(34)
ASCENSION,Tênis Esportivo Ortopédico Para Academia Treino Dia A Dia,144,90,136,20,4.5,(570)
,Tênis Masculino Esporte Academia Caminhada Confortável Leve,106,21,10,32,4.4,(30)
ASCENSION,Tênis Para Treino Academia Caminhada Corrida Crossfit Sport,169,90,152,91,,
RAINHA,Tênis Chuteira Futsal Futebol Salão Corrida Academia Macio,109,70,99,82,4.4,(411)
,Tenis Masculino Feminino Confortavel Esportivo Academia,79,90,67,11,5.0,(1)
DM DAMANDO,Combo 2 Tênis Crossfit Masculino Caminhada Academia +relógio,149,90,37,48,4.8,(16)
BAD FISH,Tênis Track Sapatilha Bad Fish Adventure Pesca Rosa Preto ,204,99,19,93,4.9,(114)
HEADER,Tênis Masculino Header Easy Sapatênis Casual Confortável,54,99,39,59,4.4,(43)
,Tênis Chuky Linha 08 Eco Nylon Espumado Marca Ranclafe,159,90,31,98,,
NEW SPEED,Tênis New Speed Bege Esporte Masculino Original Lançamento,199,90,179,91,5.0,(1)
DM DAMANDO,Combo 2 Pares Tenis Masculino Treino Academia Corrida + Rel,149,90,37,48,4.5,(133)
,Kit Tênis On Masculino  Corrida Amortecimento Macio + Óculos,78,99,7,68,5.0,(1)
POLO JOY,Combo 2 Pares Tenis Masculino Polo Joy Casual Slip On Iate,242,71,155,80,,
OLYMPIKUS,Olympikus Jogging 100 Masculino Adultos,229,78,187,25,4.7,(279)
IDEN,Kit Tênis Masculino Academia Treino + Chinelo Conforto Top,149,90,134,91,,
NEW SPEED,Tênis New Speed Esporte Masculino 100% Original Caminhada,189,90,31,65,,
OLYMPIKUS,Olympikus CORRIDA Veloz 2 Masculino Adultos,208,,34,,4.8,(338)
ASCENSION,Tenis Masculino E Feminino De Caminhada Ortopedico Crossfit,78,42,69,14,4.7,(3561)
OLDSEN,Kit 3 Tenis Masculino Casual Esportivo Confortável Academia,299,90,197,93,4.0,(4)
DIX,Tênis Masculino Academia Esportivo Confortável Corrida Leve,78,,7,,,
,Tênis Esportivo Masculino Para Academia Corrida Original,79,,7,,5.0,(8)
,Tênis De Academia Corrida Masculino Esportivo Leve Macio,78,90,55,23,5.0,(3)
,Tênis Masculino Sapatenis Moderno Confortável + Carteira,,,,,,
,Tenis Urbano Academia Caminhada Uso Diario,73,99,7,19,4.4,(76)
FILA,Fila Float Maxxi 2 Masculino Adultos,699,99,524,99,4.8,(13)
ULTRABONE,Kit 2 Tenis Ultrabone Black Para Caminhada Crossfit Macio,199,90,129,93,,
ULTRABONE,Kit 3 Tenis Ultrabone Black Coleção Completa Muito Leve,249,90,179,92,5.0,(3)
FILA,Tênis Fila Progress Lite Corrida Academia Caminhada,329,90,263,92,4.3,(6)
,Tenis Ortopedico Masculino Corrida Caminhada Tamanho Grande,139,35,132,38,4.7,(150)
FILA,Tênis Fila Virtuous Unissex Esporte Caminhada Original,289,99,197,60,4.8,(14)
OLYMPIKUS,Tênis Masculino Olympikus Proof 3 Tamanho Grande Dia A Dia,199,99,189,99,4.5,(24)
MIZUNO,Tenis Masculino Mizuno Creation 20 Conforto Tamanho 44 45,399,90,139,96,3.3,(3)
,Tênis Masculino Caminhada Rdw Impact Force Rd101 Original,83,02,8,07,4.7,(10)
MIZUNO,Tênis Masculino Wave Zest 2 Mizuno,449,99,322,99,4.7,(260)
MIZUNO,Tênis Masculino Mizuno Academia Corrida Treino Leve Barato,333,33,129,99,,
MIZUNO,Tênis De Corrida Masculino E Feminino Hawk 5 Mizuno *oferta*,325,45,197,46,4.7,(721)
FILA,Tenis Fila Recovery Masculino Running Trainning Corrida,350,,308,,4.6,(8)
,Kit 2 Pares Tênis Lindos Walk Academia Super,119,90,113,90,4.5,(4)
POLO BLU,Sapatenis Masculino Kit Tenis Relogio Com Meia Polo,88,02,8,56,4.7,(104)
,Tênis Masculino Academia Leve Confortável Original Runner Ft,99,90,69,93,4.4,(8)
OLDSEN,Kit 2 Tenis Masculino Casual Esportivo Confortável Academia,199,90,19,43,,
,Tênis Academia Corrida Masculino Macio Leve Confort Relógio,78,90,26,30,5.0,(5)
MIZUNO,Tênis Masculino Wave Creation Treino Macio Original Promoção,426,80,127,95,3.3,(3)
OLYMPIKUS,Tênis P/ Corrida Olymp1kus Flash Caminhada Confortável,129,90,32,48,,
NEW BALANCE,Tênis Nb Fuelcell Supercomp Trainer V3 C/placa De Carbono Ms,1.499,,1.349,,,
FILA,Tênis Fila Racer T2 Corrida Maratona Promoçao,459,90,280,53,5.0,(1)
,Tênis Luxo Lv Skate Couro Lançamento 3045 Masculino Feminino,264,90,33,11,,
,Tenis Esportivo Masculino Cores Caminhada Academia Corrida,78,10,74,20,,
,Tenis Masculino Couro Okley Stratus Conforto Resistente,259,90,32,49,,
,Tenis Masculino Estilo Desempenho Corrida Ciclismo Leve Ll,86,92,28,97,,
MIZUNO,Tênis Masculino Mizuno Wave Creation 20 Oferta Corrida,399,90,139,96,,
OLYMPIKUS,Tênis Masculino Olympikus Esportivo Casual Academia Corrida,199,90,119,94,,
,Tenis Masculino Couro Okley Halftrack Conforto Resistente,239,90,34,27,,
NEW BALANCE,Tênis Masculino New Balance 247 Couro Academia Caminhada,399,90,119,96,3.4,(5)
MIZUNO,Mizuno Wave Vitality 4 Masculino Adultos,229,99,32,86,4.7,(311)
MIZUNO,Tênis Masculino Creation Molas Corrida Lançamento Oferta,426,80,127,95,,
HOKA,Tênis Esportivo De Corrida Hoka Clifton 9 Masculino Original,1.299,,1.039,,,
ASICS,Tênis Asics Revelation Original Couro Leve Treino Promoção,99,90,9,71,4.1,(151)
VANS,Tênis Vans Ultrarange Vr3 Neo True White Confortavel,499,90,214,95,,
HOKA,Tênis Hoka Esportivo De Corrida Rincon 3 Masculino Original,999,99,799,99,,
,Tenis Casual Knu Skool Black White Preto E Branco Lancamento,267,90,150,02,,
PUMA,Tênis Puma Academia Promoção Lançamento Macio Treino Novo,333,33,99,99,4.0,(2)
,Tênis Para Corrida Olimpikus Veloz Caminhada Crossfit,99,90,33,30,4.1,(17)
,Kit Tenis Infantil Masculino Homem Aranha + Camisa + Chinelo,78,80,26,27,4.6,(30)
OLYMPIKUS,Promoção Tenis Olimpikus Jump Dança Confortável Suave Novo,130,50,97,50,5.0,(1)
,Tenis Masculino Atividade Fisica Treino Solado Borracha Ll,80,95,26,98,,
MIZUNO,Tênis Mizuno Wave Prophecy 13 Preto - Azul Ori,989,55,939,96,,
,Tênis Masculino Feminino Academia Corrida Envio Imediato,78,80,59,10,5.0,(1)
SQUARE,Tênis Masculino Botinha Bota Basquete Academia Treino Sport,89,97,29,99,5.0,(2)
MIZUNO,Tênis Masculino Mizuno Jet Academia Confortavel Preto Branco,397,97,119,39,5.0,(1)
WAVE,Queima Estoque Wave Ls Flor De Lotus Premium Preto Off 24hr,479,90,167,96,3.7,(78)
RW,Tênis Ultrarange Rw Confortável Lindo Macio Do 34 Ao 43,114,90,38,30,4.9,(40)
MIZUNO,Tênis De Corrida Masculino E Feminino Hawk 5 Mizuno *oferta*,325,45,197,46,4.7,(721)
ASCENSION,Tenis Ortopedico Masculino Corrida Caminhada Treino Academia,149,90,109,42,4.6,(34)
,Tênis Masculino Moda Fitness Caminhada Leve Barato Promoção,79,99,26,66,4.4,(157)
,Kit 3 Tênis Masculino Esportivo Academia Caminhada Corrida,239,90,179,92,,
,Bota Couro Legitimo Okley Halftrack Low Resistente Promoção,229,90,32,84,,
,Tênis Masculino Tn Air Unissex Importado Estilo Neymar Vm!!,127,,32,,,
,Tenis Masculino Academia Caminhada Corrida Confortavel Ll,80,90,26,97,,
VANS,Tênis V-ans Old Sk.ool Classico Premium Envio Full Promoção,342,86,112,97,,
,Kit Tenis Esportivo Leve + Fone De Ouvido + Relogio Digital,119,90,104,31,,
STARFLEX,Tênis Com Amortecedor Masculino Corrida Academia Flex Molas,154,99,131,74,4.6,(172)
UNDER ARMOUR,Under Armour Pacer Masculino Adultos,449,99,226,89,4.7,(1465)
PLAZA,Kit 2 Pares Tênis Casual Esportivo Masculino Relogio Digital,149,90,14,57,4.3,(222)
MIZUNO,Tênis De Corrida Masculino Mizuno Wave Stratos 2 Esportivo,799,99,639,99,,
,Tênis Sapatênis Masculino Kit Chinelo Carteira Relógio,59,90,56,90,,
SAYMON,Tênis Masculino Fast Run 3.0 Esportivo Academia Lev Adulto,93,10,69,83,4.4,(19)
PROSPECT,Tênis De Academia Caminhada Corrida Masculino Promoção,64,90,52,56,,
,Kit 2 Tênis Masculino Ferrari New Scuderia Confort Qualidade,299,99,176,99,4.3,(172)
STYLL BABY,Tênis Mizun Styll Wave Creation 20 Masculino Tamanho 38 A 45,99,90,33,30,4.4,(29)
,"Tenis Olympikus Proof 3 Masculino Numero 45,46,47,48",209,90,199,40,4.8,(670)
PUMA,Tênis Puma Suede Academia Homem Mulher Moda 34 A 43 Barato,333,33,99,99,,
FILA,Tenis Para Corrida Confortavel Mais Equilibrio Fila Original,349,99,227,49,4.5,(386)
WAVE,Tenis Wave Ls Flor De Lotus Premium Preto Off Pronta Entrega,369,90,166,45,4.2,(97)
NEW SPEED,Tênis Masculino New Speed R Sport Academia Crossfit,239,90,189,52,4.8,(4)
,Tênis Masculino Ferrari New Scuderia Confortável Qualidade,199,99,119,99,4.7,(24)
ASICS,Tênis Asics Revelation Barato Corrida Macio,333,90,99,71,,
,Tênis Masculino Bmw Motorsport Casual Esportivo Promoção 3l,199,99,95,99,4.8,(11)
SQUARE,Tênis Masculino Botinha Bota Basquete Academia Treino Dia,99,99,33,33,5.0,(1)
,Tênis Okley Na Promoção Bravo 2.0 Resistente Confortável,93,09,31,03,4.0,(11)
NEW BALANCE,Tênis New Balance Original Promoção Barato Oferta Academia,333,33,99,99,,
STREET WALKER,Kit 3 Tênis Masculino Corrida Esportivo Caminhada Academia !,189,99,18,47,,
,Tênis Tn Plus Importado Estilo Neyamar Messi Laçamento,126,99,31,75,,
,Tenis Masculino Academia Caminhada Corrida Trilha Moderno Ll,79,91,26,64,,
UNDER ARMOUR,Tênis Masculino Ch. Wing Se  Under Armour Novo,329,99,216,59,4.7,(358)
MIZUNO,Tênis Masculino Mizuno Wave Creation 20 Branco Confortavel,426,80,127,95,4.0,(1)
ASICS,Tênis Asics Gel Revelation Academia Promoção Lançamento Leve,99,99,9,72,4.3,(31)
WEST,Tênis Kit 2 Pares Mizwest 20 Promoção Masculino Garantia !!1,159,70,15,52,4.1,(539)
,Tênis Sapatênis Masculino Casual Confortável Barato Promoção,44,90,42,65,,
,Tênis Masculino Esportivo Academia Corrida Caminhada,109,90,59,34,,
,Tênis O2x Esportivo,89,90,29,97,,
,Kit 2 Tênis Masculino Academia Corrida Caminhada Esportivo,149,90,115,42,,
MIZUNO,Tênis De Corrida Masculino Mizuno Cool Ride 2 Esportivo,379,99,303,99,,
VANS,Tênis Vans Knu Skool White True Navy,269,90,161,94,,
ASICS,Tênis Asics Gel Revelation Academia Corrida Treino Leve Full,333,33,99,99,,
LORENZZO LOPEZ,Kit 3 Tênis Masculino Caminhada Crossfit Academia Oferta,189,90,165,21,,
LORENZZO LOPEZ,Kit 3 Tênis Masculino Academia Corrida Esporte Macio Oferta,201,90,173,63,,
ABUZZE,Tênis Masculino De Corrida E Treino I Free-run Promoçao,119,,11,,,
,Tênis Para Corrida Olimpikus Veloz Caminhada Crossfit,99,90,94,90,4.0,(40)
SAYMON,Kit Tênis Masculino Academia Caminhada 3 Pares Yzy Combo Org,189,99,157,69,4.5,(48)
ASICS,Tênis Asics Gel Revelation Academia Promoção Lançamento Leve,333,33,99,99,,
ACTVITTA,Tênis Masculino Actvitta Nylon Esportivo Respirável 4901.207,189,90,121,60,5.0,(1)
NEW SPEED,Tênis New Speed R Esportivo Treino Corrida Lançamento,198,90,33,15,5.0,(6)
TTS,Tenis Masculino Treino Skate Sport Racer Corrida Sapato,78,99,26,33,,
,Melhor Tênis Masculino Para Sair E Estiloso Bonito Corrida,159,90,129,51,,
NEW SPEED,Tênis New Speed R Esportivo Lançamento,195,99,32,66,,
VANS,Tênis Vr3 Ultrarange Unissex Marshmallow,399,99,183,99,4.7,(3)
,Tenis Casual Knu Skool Black White Preto E Branco Lancamento,267,90,160,74,4.8,(55)
ASICS,Tênis Asics Gel Revelation Original Homem Mulher Barato Novo,333,33,99,99,,
,Tenis Esportivo Masculino Caminhada Treino Academia Conforto,109,,36,,4.6,(14)
,Tênis Esportivo It Shoes Amortecedor Gel Masculino,179,90,104,90,4.6,(1829)
,Tênis Cross Tryd 5400 Academia Caminhada Confortável Leve,99,99,68,99,4.5,(2266)
OLYMPIKUS,Tênis Masculino Corrida Olympikus Volta Eleva Pro Max,289,10,260,51,,
MIZUNO,Tênis Masculino Mizuno 13s Wave Treino Corrida,399,99,207,99,,
,Tenis Masculino Space Olimp Caminhada Corrida Barato Confort,89,,29,,,
VANS,Tênis Masculino Vans Old Skool Knu Skate Conforto,269,90,148,44,4.7,(52)
MIZUNO,Tênis De Corrida Mizuno Wave Stratos 2 Masculino 101075075,799,90,599,92,,
FILA,Tênis Fila Racer Comet Masculino Corrida - Caminhada,349,55,331,16,5.0,(1)
NIKE,Tênis Nike Revolution 7 Masculino,399,99,279,99,4.7,(252)
ASCENSION,Tênis Ortopédico Masculino Feminino Asc Original Calce Fácil,99,42,33,14,4.6,(243)
NEW BALANCE,Tênis New Balance Academia Couro Camurça Barato Envio Rápido,333,33,99,99,,
LORENZZO LOPEZ,Tênis Masculino Esportivo Flex Caminhada Academia Original,109,90,36,63,,
ABUZZE,Tênis De Corrida E Treino I Free-run Tech,119,90,11,65,,
LORENZZO LOPEZ,Kit 3 Tênis Masculino Academia Esportivo Leve Macio Promoção,201,90,175,65,,
AIR,Tênis Air Branco Unissex Couro Confortável Envio Rapido,99,10,89,66,5.0,(9)
ACTVITTA,Tênis Masculino Actvitta Nylon Esportivo Respirável 4901.200,189,90,121,60,5.0,(3)
PUMA,Tênis Puma Academia Promoção Lançamento Macio Treino Barato,333,33,99,99,,
NEW SPEED,Tênis New Speed Esporte Masculino 100% Original Caminhada,239,91,215,91,4.6,(27)
,Tenis Urbano Academia Caminhada Uso Diario,73,99,7,19,4.4,(76)
OLDSEN,Kit 3 Tenis Masculino Casual Esportivo Confortável Academia,299,90,197,93,4.0,(4)
VANS,Tênis Vr3 Ultrarange Unissex Marshmallow,499,67,164,93,3.8,(10)
,Kit 2 Tênis Masculino Ferrari Scuderia Caminhada Leve Oferta,299,99,173,99,4.2,(25)
NEW SPEED,Tênis Masculino New Speed Treino Corrida Academia Promoção,197,90,182,06,5.0,(1)
,Tênis Masculino Gel Revelation Corrida Academia Treino Macio,299,99,107,99,3.8,(78)
ULTRABONE,Tenis Ortopedico Masculino Corrida Caminhada Academia Treino,69,99,6,80,,
MIZUNO,Tênis De Corrida Unissex Mizuno Cool Ride,179,,36,,4.8,(77)
ABUZZE,Tênis Runtech O Melhor Para Suas Corridas E Treinos,169,90,33,98,,
,Mizuno Wave Creation 20 Masculino Adultos,,,,,5.0,(1)
AIR,Promoção Tenis Air Dn Tn Plus Maxx Amortecedor Bolha Corrida,349,90,174,95,5.0,(1)
STREET,Tênis Masculino Confortavel  Street Azul Leve Corrida Promo,89,,29,,,
,Melhor Tênis Masculino Para Sair E Estiloso Bonito Corrida,169,90,152,91,4.0,(1)
OLYMPIKUS,Tenis Olympikus Infantil E Adulto 34 Ao 43 Envio 24h -40%,104,99,10,21,,
AIR,Tênis V-max  Masculino Feminino Unissex Refletivo Premium,147,90,14,38,,
OLDSEN,Tenis Masculino Feminino Academia Esporte Caminhada Leve,55,90,5,43,4.6,(14)
STREET WALKER,Kit Sapato Masculino Couro Sola Alta Oversize E Relogio Novo,109,99,10,69,,
WAVE,Kit 3 Pares Tênis Masculino Para Academia Caminhada Wave 20,217,90,21,18,4.7,(10)
ASICS,Tênis Masculino Asics Revelation Original Academia caminhada,333,90,99,71,5.0,(2)
,Tênis Corrida Bolha Plus 3 Tn Muito Leve Novo Cr7 Mes,113,67,11,05,4.5,(26)
AIR,Tênis Air Branco Unissex Couro Confortável Envio Imediato,63,90,60,70,4.5,(69)
ASICS,Tênis Asics Masculino Gt-2000 13 Corrida Pisada Pronada,1.049,,104,,,
OLYMPIKUS,Tênis Masculino Olympikus Voa 2 Corrida Original,314,99,31,50,,
,Tenis Casual Masculino Estiloso Dia Dia Moda Conforto Homem,94,90,31,63,,
MIZUNO,Tênis Pro 8 Wave Confortável Refletivo Oferta Única,519,99,400,39,5.0,(1)
ASICS,Tênis Asics Gel Excite 10 Masculino Corrida - Caminhada,511,64,368,86,4.8,(38)
ASICS,Tênis Asics Superblast 2 Unissex Corrida Leve Confortável,889,90,88,99,,
PUMA,Tênis Feminino Puma Suede 34 A 43 Academia Corrida Macio,333,33,99,99,,
STREET WALKER,Tênis Masculino Academia Corrida Esportivo Leve Confortável,99,99,78,99,4.3,(27)
POLO JOY,Combo 2 Pares Tenis Masculino Polo Joy Sapatenis Casual,199,90,169,91,4.7,(1525)
NEW SPEED,Tênis New Speed R Esportivo Treino Corrida Lançamento,189,90,31,65,4.0,(1)
,Tenis Menino Infantil Ad Escolar Esportivo Merks ,62,90,59,75,4.6,(853)
,Kit 3 Pares Tênis Masculino Caminhada Academia Olympic Pro,239,90,199,11,5.0,(5)
,Tenis Mulher Homem Unissex Corrida Caminhada Leve Barato,57,90,55,35,4.5,(1298)
FILA,Tênis Fila Float Maxxi 2 Pro Masculino Verde Treino Corrida,729,90,70,76,4.0,(1)
,Tênis Meia Masculino E Feminino Sem Cadarço Confortável,79,90,7,77,4.7,(193)
ASICS,Tênis Asics Trabuco Leve Casual Moderno Envio Rapido,799,99,599,99,,
,Kit 3 Tênis Casual Sola Reta Macia Resistente Barato Oferta,96,90,9,42,3.3,(9)
